Ad;Rol;Kurum;Yıldız;Kart;Toplam (dk);Görüşme;Görüştüğü kişi;Karşı rolden kişi
Naz Özkan;Girişimci;Temiz Deniz;;Kart 58;13,0;2;2;2
Burak Aksoy;Yatırımcı;Kule Yatırım;3;Kart 47;12,8;2;2;1
Barış Yavuz;Girişimci;Veri Köprüsü;;Kart 68;12,6;2;2;1
Onur Çelik;Girişimci;Bitki Teknoloji;;Kart 63;12,5;2;1;1
Kaan Öztürk;Yatırımcı;Doruk Capital;2;Kart 17;12,5;2;1;1
Cem Erdem;Girişimci;Nova Robotik;;Kart 19;12,5;2;2;2
Gizem Polat;Girişimci;Akıllı Tarım;;Kart 43;12,3;1;1;1
Ayşe Demir;Yatırımcı;Atlas Ventures;3;Kart 72;12,3;1;1;1
Mehmet Kılıç;Yatırımcı;Boğaz Capital;4;Kart 5;12,3;2;2;2
Serkan Doğan;Girişimci;Oyun Evreni;;Kart 25;12,3;2;2;0
Duygu Kaya;Misafir;;;Kart 2;12,2;2;2;
Ece Arslan;Girişimci;Sağlık Cebi;;Kart 75;11,9;2;1;1
Zeynep Tekin;Yatırımcı;Anadolu Fonu;2;Kart 46;11,9;2;1;1
Uğur Demir;Girişimci;Eğitim Yıldızı;;Kart 86;11,4;2;1;1
İrem Korkmaz;Girişimci;Peak Enerji;;Kart 96;11,4;2;2;2
Selin Şahin;Yatırımcı;Fener Partners;5;Kart 94;11,4;2;1;1
Tolga Koç;Girişimci;Hızlı Kargo;;Kart 29;11,3;2;2;1
Deniz Yılmaz;Yatırımcı;Kuzey Fonu;2;Kart 51;11,3;2;2;2
Emre Kaya;Yatırımcı;Ege Girişim;4;Kart 9;11,1;2;1;1
Aslı Kılıç;Girişimci;Şehir Sensör;;Kart 66;11,1;2;1;1
Pelin Güneş;Girişimci;Fin Radar;;Kart 55;11,0;2;2;0
Merve Bulut;Yatırımcı;Liman Ventures;4;ayrıldı;10,7;3;3;2
Kerem Tekin;Misafir;;;Kart 79;10,1;1;1;
Elif Aydın;Yatırımcı;Meridyen VC;3;ayrıldı;9,3;1;1;1
Volkan Aydın;Misafir;;;Kart 67;9,1;3;3;
