Kişi;Kiminle;Başlangıç;Bitiş;Süre (dk)
Zeynep Tekin;Sağlık Cebi · Ece Arslan;13:10;13:16;6,8
Nova Robotik · Cem Erdem;Elif Aydın;13:10;13:19;9,3
Merve Bulut;Hızlı Kargo · Tolga Koç;13:10;13:13;3,2
Burak Aksoy;Temiz Deniz · Naz Özkan;13:10;13:21;11,4
Mehmet Kılıç;Veri Köprüsü · Barış Yavuz;13:10;13:21;10,6
Kaan Öztürk;Bitki Teknoloji · Onur Çelik;13:10;13:17;6,5
Akıllı Tarım · Gizem Polat;Ayşe Demir;13:10;13:22;12,3
Eğitim Yıldızı · Uğur Demir;Selin Şahin;13:10;13:19;8,3
Deniz Yılmaz;Peak Enerji · İrem Korkmaz;13:10;13:20;9,7
Kart 14 (kayıtsız);Kerem Tekin;13:10;13:21;10,1
Duygu Kaya;Oyun Evreni · Serkan Doğan;13:10;13:14;4,0
Emre Kaya;Şehir Sensör · Aslı Kılıç;13:11;13:15;4,3
Fin Radar · Pelin Güneş;Volkan Aydın;13:12;13:14;2,8
Oyun Evreni · Serkan Doğan;Fin Radar · Pelin Güneş;13:14;sürüyor;8,3
Duygu Kaya;Hızlı Kargo · Tolga Koç;13:14;sürüyor;8,2
Merve Bulut;Volkan Aydın;13:15;13:19;4,3
Emre Kaya;Şehir Sensör · Aslı Kılıç;13:16;sürüyor;6,8
Kaan Öztürk;Bitki Teknoloji · Onur Çelik;13:17;sürüyor;6,0
Zeynep Tekin;Sağlık Cebi · Ece Arslan;13:18;sürüyor;5,1
Nova Robotik · Cem Erdem;Merve Bulut;13:19;13:22;3,2
Eğitim Yıldızı · Uğur Demir;Selin Şahin;13:20;sürüyor;3,1
Volkan Aydın;Veri Köprüsü · Barış Yavuz;13:21;sürüyor;2,0
Mehmet Kılıç;Peak Enerji · İrem Korkmaz;13:21;sürüyor;1,8
Deniz Yılmaz;Temiz Deniz · Naz Özkan;13:21;sürüyor;1,6
Kart 14 (kayıtsız);Burak Aksoy;13:21;sürüyor;1,4
